Date,Open,High,Low,Close,Volume,daily_return,fast_close,slow_close,crossover_long,crossover_short,crossover_signal,fast_vol,slow_vol,vol_trend_long,vol_trend_short,vol_trend_signal,bollinger_mid_band,bollinger_std,bollinger_upper_band,bollinger_lower_band,bollinger_long,bollinger_short,bollinger_signal,RSI,RSI_signal,Positive Return
2020-11-13,463.11,478.48,458.0,477.06,75582.03793856,0.030678822970228614,468.26591989128104,430.473429947793,1.0,0.0,1.0,0.022062359676505376,0.03440880027315133,1.0,0.0,1.0,446.6550000000001,32.648113284731075,479.3031132847312,414.006886715269,0.0,0.0,0.0,66.62258561700187,0.0,1.0
2020-11-14,477.26,477.98,451.95,461.18,45791.82579323,-0.033287217540770575,464.7229582562248,433.1553331190856,1.0,0.0,1.0,0.03573061641021156,0.03542833302743927,0.0,-1.0,1.0,452.5050000000001,33.791853343201275,486.2968533432014,418.7131466567988,0.0,0.0,0.0,60.413464026776175,0.0,0.0
2020-11-15,461.38,463.14,440.44,448.49,46902.42886507,-0.02751637104818072,456.60647719299254,434.4679176967435,1.0,0.0,1.0,0.028205569735541187,0.0353704575941363,1.0,0.0,-1.0,455.6500000000001,33.58906306961745,489.23906306961754,422.06093693038264,0.0,0.0,0.0,55.92774758004537,0.0,0.0
2020-11-16,448.22,466.0,445.95,460.3,52599.71693786,0.026332805636692047,458.45323881664746,436.6386005604014,1.0,0.0,1.0,0.033331847488748095,0.034336752961942926,1.0,0.0,1.0,456.0370000000001,34.10340959570808,490.14040959570815,421.93359040429203,0.0,0.0,0.0,58.98030253219183,0.0,1.0
2020-11-17,460.73,484.9,460.29,482.89,90310.06964491,0.04907668911579388,470.671620136596,440.459923782282,1.0,0.0,1.0,0.0360521349972612,0.034961347985789,0.0,-1.0,1.0,460.74500000000006,34.94419528258407,495.68919528258414,425.800804717416,0.0,0.0,0.0,64.10205771699081,0.0,1.0
2020-11-18,482.79,495.4,454.56,479.11,141538.26627282,-0.007827869701174106,474.89081019403966,443.60400384705565,1.0,0.0,1.0,0.03316000094589618,0.0338578330185053,1.0,0.0,-1.0,463.196,34.78386178660265,497.97986178660267,428.4121382133974,0.0,0.0,0.0,62.691485975920294,0.0,0.0
2020-11-19,479.26,481.99,465.2,471.97,48357.17613413,-0.014902631963432222,473.43040507525814,445.87878945155256,1.0,0.0,1.0,0.027800418007313973,0.03311254103530341,1.0,0.0,1.0,465.96000000000004,33.173078253147935,499.13307825314797,432.7869217468521,0.0,0.0,0.0,60.00549040049765,0.0,0.0
2020-11-20,472.05,514.77,471.5,510.38,108562.06245637,0.08138229124732499,491.90520267527705,450.98388062377364,1.0,0.0,1.0,0.055119064271176174,0.03789171727420692,0.0,-1.0,1.0,471.863,33.988680484135216,505.8516804841352,437.8743195158648,0.0,-1.0,0.0,67.95862969339368,0.0,1.0
2020-11-21,510.37,553.5,502.72,552.55,102160.70823348,0.08262471099964719,522.2276014505983,458.9258216192365,1.0,0.0,1.0,0.04713525792415206,0.041128881454108,0.0,-1.0,-1.0,480.679,39.20922118650962,519.8882211865096,441.46977881349034,0.0,-1.0,-1.0,74.05800732200977,0.0,1.0
2020-11-22,552.57,581.82,512.0,561.48,130655.99116526,0.016161433354447752,541.8538007618558,466.8559855587944,1.0,0.0,1.0,0.04317595426613217,0.03947295481507654,0.0,-1.0,-1.0,490.54100000000005,42.180160773694794,532.7211607736948,448.36083922630525,0.0,-1.0,-1.0,75.13733820775076,-1.0,1.0
2020-11-23,560.88,611.58,550.62,609.09,152818.24088851,0.08479375935028854,575.4719004122372,477.74168435746645,1.0,0.0,1.0,0.04163265823281048,0.04203032451553928,1.0,0.0,-1.0,503.744,49.50950397597792,553.253503975978,454.2344960240221,0.0,-1.0,-1.0,79.93136549736714,-1.0,1.0
2020-11-24,609.01,623.47,590.0,605.28,142957.42365857,-0.006255233216766132,590.3759502130588,487.4101709405073,1.0,0.0,1.0,0.05096532195710123,0.041173466457667604,0.0,-1.0,1.0,518.154,54.37789280629251,572.5318928062925,463.7761071937075,0.0,-1.0,-1.0,78.62482152765644,-1.0,0.0
2020-11-25,605.28,606.63,554.0,569.52,96865.19190828,-0.0590800951625694,579.9479751041014,493.5802402187662,1.0,0.0,1.0,0.06421575487449104,0.045139112590285024,0.0,-1.0,-1.0,530.257,54.98527374861868,585.2422737486186,475.27172625138127,0.0,0.0,-1.0,67.47634408254461,-1.0,0.0
2020-11-26,569.3,577.43,478.38,520.0,260262.0580718,-0.08695041438404272,549.9739875485612,495.54942709001193,1.0,0.0,1.0,0.06297984307982527,0.05137542518545009,0.0,-1.0,-1.0,536.227,54.59887993838632,590.8258799383863,481.6281200616137,0.0,0.0,0.0,55.69846877393619,0.0,0.0
2020-11-27,520.29,530.99,493.44,518.8,85762.2647947,-0.002307692307692344,534.3869937733733,497.2693838362183,1.0,0.0,1.0,0.053702336743109244,0.0494765444087302,0.0,-1.0,-1.0,539.818,52.9003251681381,592.7183251681381,486.91767483186186,0.0,0.0,0.0,55.445905509704865,0.0,0.0
2020-11-28,518.81,548.5,507.1,538.27,71826.71678382,0.03752891287586735,536.3284968867431,500.2812898408783,1.0,0.0,1.0,0.05472102307537474,0.04830532422548866,0.0,-1.0,-1.0,545.7339999999999,52.4036644459949,598.1376644459948,493.33033555400505,0.0,0.0,0.0,58.71682186448205,0.0,1.0
2020-11-29,538.01,576.9,530.75,576.22,71937.12858139,0.07050365058427932,556.2742484436618,505.8237615400569,1.0,0.0,1.0,0.05557573770059387,0.049289895373627005,0.0,-1.0,-1.0,556.1589999999999,52.73546200014209,608.894462000142,503.4235379998578,0.0,0.0,0.0,64.2292217809507,0.0,1.0
2020-11-30,576.45,617.37,571.23,616.65,143580.36233871,0.07016417340599057,586.4621242220505,513.8641425760494,1.0,0.0,1.0,0.04397667711621757,0.04977437064776462,1.0,0.0,-1.0,566.7859999999998,55.75202375132613,622.5380237513259,511.0339762486737,0.0,0.0,0.0,68.98115056280488,0.0,1.0
2020-12-01,616.84,636.58,555.71,586.38,192132.40413581,-0.04908781318414013,586.421062111025,519.0959210734816,1.0,0.0,1.0,0.07039755074206856,0.05107719793367728,0.0,-1.0,1.0,570.1689999999999,56.097676882193255,626.2666768821931,514.0713231178066,0.0,0.0,0.0,62.30733675946141,0.0,0.0
2020-12-02,586.01,605.34,575.2,597.74,61798.09686065,0.01937310276612436,592.0805310555228,524.7405928617455,1.0,0.0,1.0,0.05084216154586377,0.049220131939213214,0.0,-1.0,-1.0,573.7949999999998,56.28768058166165,630.0826805816615,517.5073194183382,0.0,0.0,0.0,63.72571828930559,0.0,1.0
2020-12-03,597.5,624.53,586.24,616.57,65570.49432186,0.03150199083213434,604.3252655277726,531.3001029257429,1.0,0.0,1.0,0.03809487309666539,0.04765384882167305,1.0,0.0,-1.0,574.5429999999999,57.72503363496558,632.2680336349655,516.8179663650343,0.0,0.0,0.0,66.00898698655242,0.0,1.0
2020-12-04,616.57,620.57,565.62,567.79,89002.06494963,-0.07911510452989945,586.0576327638779,533.8950450874349,1.0,0.0,1.0,0.06708465809266317,0.0520960433773234,0.0,-1.0,1.0,570.7939999999999,55.00499531382306,625.798995313823,515.7890046861768,0.0,0.0,0.0,56.14899913490302,0.0,0.0
2020-12-05,567.57,597.69,561.34,597.0,48755.08207449,0.051445076524771594,591.5288163819401,538.364156873562,1.0,0.0,1.0,0.06836640110422645,0.05148331068110914,0.0,-1.0,-1.0,573.5419999999998,51.26234490344752,624.8043449034474,522.2796550965522,0.0,0.0,0.0,60.00189420137873,0.0,1.0
2020-12-06,596.99,607.68,582.77,602.64,56437.78782055,0.009447236180904595,597.0844081909707,542.8987183297658,1.0,0.0,1.0,0.04835491202260666,0.04962059541467582,1.0,0.0,-1.0,581.8059999999998,47.62784913704444,629.4338491370443,534.1781508629554,0.0,0.0,0.0,60.71955025556112,0.0,1.0
2020-12-07,602.65,602.99,584.6,591.26,32957.85018806,-0.018883578919421162,594.1722040954852,546.2983564321655,1.0,0.0,1.0,0.0385942341941944,0.04845845087999573,1.0,0.0,1.0,589.0519999999999,44.578154137602006,633.630154137602,544.4738458623979,0.0,0.0,0.0,58.441081821333626,0.0,0.0
2020-12-08,591.25,595.0,548.14,554.65,76992.95913216,-0.06191861448432168,574.4111020477421,546.8835009983233,1.0,0.0,1.0,0.04462172663646832,0.05022083208309166,1.0,0.0,1.0,590.6899999999998,39.925655068284016,630.6156550682838,550.7643449317159,0.0,0.0,0.0,51.717589749111845,0.0,0.0
2020-12-09,554.65,577.97,530.0,573.21,94064.17737227,0.03346254394663317,573.8105510238711,548.7223313548369,1.0,0.0,1.0,0.051543025516121055,0.04903453587150996,0.0,-1.0,1.0,590.3889999999998,32.87702867865124,623.2660286786511,557.5119713213485,0.0,0.0,0.0,54.57105277409898,0.0,1.0
2020-12-10,573.16,575.28,548.29,558.33,45306.07356259,-0.025959072591196897,566.0702755119354,549.3914722145328,1.0,0.0,1.0,0.03980767164333673,0.04800400741216892,1.0,0.0,-1.0,584.5569999999998,29.637981548397864,614.1949815483977,554.9190184516019,0.0,0.0,0.0,51.9216880250737,0.0,0.0
2020-12-11,558.9,560.35,535.1,544.24,65090.62184688,-0.02523597155803925,555.1551377559676,549.0336488074215,1.0,0.0,1.0,0.029146346184722748,0.04690032855354445,1.0,0.0,1.0,580.3429999999997,30.034779559003074,610.3777795590028,550.3082204409967,1.0,0.0,0.0,49.47242532715169,0.0,0.0
2020-12-12,544.38,574.0,543.07,568.09,47210.56447939,0.0438225782742907,561.6225688779839,550.3540186825402,1.0,0.0,1.0,0.04367679718289214,0.046538715663352395,1.0,0.0,1.0,577.3779999999998,29.91132548665196,607.2893254866518,547.4666745133478,0.0,0.0,1.0,53.47326557331864,0.0,1.0
2020-12-13,567.94,595.0,563.45,590.35,59837.04867915,0.039183932123431076,575.9862844389919,553.1188302638357,1.0,0.0,1.0,0.03497485671129072,0.045777826822949355,1.0,0.0,1.0,574.7559999999999,29.08877292467271,603.8447729246726,545.6672270753271,0.0,0.0,0.0,56.90322505418669,0.0,1.0
2020-12-14,590.25,591.65,576.06,586.27,39433.52639877,-0.006911154399932284,581.1281422194959,555.4055391413973,1.0,0.0,1.0,0.031818882625612374,0.04430907578275152,1.0,0.0,1.0,576.6039999999998,28.33606311101797,604.9400631110178,548.2679368889818,0.0,0.0,0.0,56.087077070476134,0.0,0.0
2020-12-15,586.28,596.9,576.72,589.41,43995.02356601,0.005355894041994214,585.2690711097479,557.7463985493835,1.0,0.0,1.0,0.022637621844148064,0.04275051032573563,1.0,0.0,1.0,575.8449999999998,28.530046815871227,604.375046815871,547.3149531841286,0.0,0.0,0.0,56.60295430681739,0.0,1.0
2020-12-16,589.41,639.1,581.5,638.28,88744.56233394,0.08291342189647266,611.774535554874,563.2799504438817,1.0,0.0,1.0,0.04893697717330086,0.04577601090781119,0.0,-1.0,1.0,579.4089999999998,28.853225647458736,608.2622256474585,550.555774352541,0.0,-1.0,0.0,63.74220706180375,0.0,1.0
2020-12-17,638.01,676.61,628.05,643.43,154159.14707953,0.008068559252992324,627.602267777437,568.7775597646389,1.0,0.0,1.0,0.04139055851996504,0.044180003863946424,1.0,0.0,-1.0,584.6259999999997,28.254046361352998,612.8800463613527,556.3719536386468,0.0,-1.0,-1.0,64.40673011744713,0.0,1.0
2020-12-18,644.01,664.02,630.0,654.67,68630.81059908,0.01746887773339756,641.1361338887184,574.6594931295807,1.0,0.0,1.0,0.029798236955939653,0.04266721483849782,1.0,0.0,1.0,594.6279999999998,29.675597258211837,624.3035972582117,564.952402741788,0.0,-1.0,-1.0,65.87668391171856,0.0,1.0
2020-12-19,654.58,669.0,645.6,658.83,65782.65483748,0.006354346464631178,649.9830669443593,580.4147991094188,1.0,0.0,1.0,0.02315674742500346,0.041199092407893476,1.0,0.0,1.0,603.1899999999998,32.84678971336003,636.0367897133599,570.3432102866398,0.0,-1.0,-1.0,66.42928043589642,0.0,1.0
2020-12-20,658.57,660.6,622.0,638.28,86577.83459697,-0.03119165793907397,644.1315334721796,584.3658636801996,1.0,0.0,1.0,0.03225950979759142,0.04122540966707927,1.0,0.0,1.0,611.1849999999997,33.8751186286524,645.0601186286522,577.3098813713473,0.0,0.0,-1.0,61.16026515214941,0.0,0.0
2020-12-21,638.0,648.0,597.0,608.01,108823.62418088,-0.04742432788118067,626.0707667360898,585.9781792612273,1.0,0.0,1.0,0.03299369392814578,0.04228267339521815,1.0,0.0,1.0,617.5619999999998,33.83420332258015,651.3962033225799,583.7277966774196,0.0,0.0,0.0,54.32500619348674,0.0,0.0
2020-12-22,608.0,637.47,587.84,637.46,58163.93210002,0.04843670334369499,631.7653833680449,589.4844809281897,1.0,0.0,1.0,0.05227816402015656,0.04234764419260922,0.0,-1.0,1.0,624.4989999999998,34.90798917379665,659.4069891737964,589.5910108262032,0.0,0.0,0.0,59.11275171025366,0.0,1.0
2020-12-23,637.46,638.34,550.0,585.5,96223.33745158,-0.08151099676842477,608.6326916840225,589.2134167828797,1.0,0.0,1.0,0.06725478238266663,0.046817629497410355,0.0,-1.0,-1.0,624.0139999999998,34.867057820421856,658.8810578204217,589.1469421795779,1.0,0.0,0.0,49.294775397618956,0.0,0.0
2020-12-24,585.03,615.14,565.9,612.49,58137.20654204,0.046097352690008586,610.5613458420112,590.7952407714267,1.0,0.0,1.0,0.06904174181068676,0.04662692412863497,0.0,-1.0,-1.0,626.6359999999997,34.16070010375894,660.7967001037587,592.4752998962408,0.0,0.0,1.0,53.605277040071705,0.0,1.0
2020-12-25,612.31,633.33,603.92,626.83,49171.1877611,0.023412627144933085,618.6956729210056,593.2416578249052,1.0,0.0,1.0,0.050073478981363675,0.04527525967783735,0.0,-1.0,-1.0,630.3779999999997,34.596792865509315,664.974792865509,595.7812071344904,0.0,0.0,0.0,55.75730366952904,0.0,1.0
2020-12-26,626.77,651.99,615.5,635.95,76505.57758732,0.014549399358677828,627.3228364605028,596.1384724970951,1.0,0.0,1.0,0.035407571526185525,0.043768334129212556,1.0,0.0,-1.0,630.1449999999998,35.36612296653705,665.5111229665368,594.7788770334627,0.0,0.0,0.0,57.119589866409584,0.0,1.0
2020-12-27,636.33,715.09,623.68,683.03,189210.42533624,0.07403097727808783,655.1764182302513,602.0270681705094,1.0,0.0,1.0,0.04425728890126633,0.04567515469001431,1.0,0.0,1.0,634.1049999999997,39.259076386031026,673.3640763860307,594.8459236139687,0.0,-1.0,0.0,63.38700331226814,0.0,1.0
2020-12-28,683.49,746.71,680.39,729.12,178049.37113408,0.0674787344626151,692.1482091151256,610.6331866863571,1.0,0.0,1.0,0.03438003125466999,0.04641480159321244,1.0,0.0,1.0,641.5499999999996,45.369588573938266,686.9195885739379,596.1804114260614,0.0,-1.0,-1.0,68.27553718484175,0.0,1.0
2020-12-29,729.12,738.97,686.76,731.84,131331.08284668,0.0037305244678516036,711.9941045575629,618.8345898192763,1.0,0.0,1.0,0.04012345726430124,0.04490290605997795,1.0,0.0,1.0,648.8509999999997,50.66743129934352,699.5184312993432,598.1835687006561,0.0,-1.0,-1.0,68.54247785273364,0.0,1.0
2020-12-30,731.84,758.0,716.23,752.5,129621.21075442,0.02823021425448191,732.2470522787814,627.8726938118797,1.0,0.0,1.0,0.028387709797089176,0.0435084975092009,1.0,0.0,1.0,660.2729999999997,55.39643916924255,715.6694391692422,604.8765608307572,0.0,-1.0,-1.0,70.5682153162352,0.0,1.0
2020-12-31,752.9,756.11,721.0,737.45,84351.63264722,-0.019999999999999907,734.8485261393907,635.2772078361853,1.0,0.0,1.0,0.036107301948446816,0.04295081492869086,1.0,0.0,1.0,673.2169999999996,55.44886857324184,728.6658685732415,617.7681314267578,0.0,-1.0,-1.0,67.17465955965936,-1.0,0.0
2021-01-01,737.35,750.0,717.0,730.85,44230.209858,-0.008949759305715621,732.8492630696953,641.7314748814583,1.0,0.0,1.0,0.026828414490139108,0.041837192315422184,1.0,0.0,1.0,682.5559999999997,55.450645183945404,738.0066451839451,627.1053548160543,0.0,0.0,-1.0,65.68292867034754,0.0,0.0
2021-01-02,730.95,788.0,717.5,775.01,149416.82512879,0.06042279537524786,753.9296315348477,650.7270166712664,1.0,0.0,1.0,0.04279624160262428,0.042315565685915844,0.0,-1.0,1.0,701.5069999999997,59.59615957911186,761.1031595791115,641.9108404208879,0.0,-1.0,0.0,70.41664516193636,0.0,1.0
2021-01-03,775.05,1012.7,769.49,979.86,300555.74823493,0.26431917007522476,866.8948157674238,672.9299119655544,1.0,0.0,1.0,0.14718595725413344,0.0757758975439701,0.0,-1.0,-1.0,738.2439999999997,90.15716814774675,828.4011681477464,648.086831852253,0.0,-1.0,-1.0,82.48575161586388,-1.0,1.0
2021-01-04,980.0,1166.0,888.88,1042.52,395811.50863932,0.06394791092605057,954.7074078837119,697.8497386529314,1.0,0.0,1.0,0.11576021204090785,0.07364643855694612,0.0,-1.0,-1.0,779.8129999999998,118.13809410467161,897.9510941046714,661.6749058953282,0.0,-1.0,-1.0,84.5606457078671,-1.0,1.0
2021-01-05,1043.52,1134.0,975.0,1103.41,272632.4965551,0.05840655335149458,1029.058703941856,725.1823412000007,1.0,0.0,1.0,0.08675166690473027,0.07140195406641174,0.0,-1.0,-1.0,826.5589999999996,146.63747103513137,973.196471035131,679.9215289648682,0.0,-1.0,-1.0,86.2636510535575,-1.0,1.0
2021-01-06,1103.48,1215.09,1058.97,1211.85,231794.91612556,0.09827715898895217,1120.454351970928,757.9671295460349,1.0,0.0,1.0,0.062160294310091,0.07080665195836018,1.0,0.0,-1.0,879.4409999999996,180.489380853979,1059.9303808539785,698.9516191460206,0.0,-1.0,-1.0,88.6621785866243,-1.0,1.0
2021-01-07,1211.73,1289.88,1161.0,1226.18,218838.45107018,0.011824895820439885,1173.317175985464,789.4961195121844,1.0,0.0,1.0,0.06502272603305269,0.06874165468808138,1.0,0.0,1.0,929.1469999999996,206.79746517521633,1135.944465175216,722.3495348247833,0.0,-1.0,-1.0,88.93708466777588,-1.0,1.0
2021-01-08,1226.47,1273.4,1065.0,1217.33,253343.50211589,-0.007217537392552598,1195.323587992732,818.2953151014176,1.0,0.0,1.0,0.05816113437291882,0.0673631840150184,1.0,0.0,1.0,977.6959999999996,225.6620217860751,1203.3580217860747,752.0339782139245,0.0,-1.0,-1.0,87.5256146162918,-1.0,0.0
2021-01-09,1218.86,1307.0,1172.79,1280.43,128230.82429453,0.051834753107210085,1237.876793996366,849.392644422027,1.0,0.0,1.0,0.04503516300586325,0.06520428073125674,1.0,0.0,1.0,1030.4889999999996,244.36149373418084,1274.8504937341804,786.1275062658187,0.0,-1.0,-1.0,88.88061750233003,-1.0,1.0
2021-01-10,1280.68,1350.0,1152.0,1255.15,212133.57380106,-0.019743367462493056,1246.513396998183,876.6874754036153,1.0,0.0,1.0,0.047065307068228604,0.06454167226154411,1.0,0.0,1.0,1082.2589999999996,253.93372379422178,1336.1927237942214,828.3252762057778,0.0,0.0,-1.0,84.90165704222996,-1.0,0.0
2021-01-11,1255.15,1259.97,910.82,1088.94,442942.5208625,-0.13242241963111978,1167.7266984990915,890.9611503976872,1.0,0.0,1.0,0.09252237143052003,0.07512115009957104,0.0,-1.0,1.0,1118.0679999999995,251.5055135442522,1369.5735135442517,866.5624864557474,0.0,0.0,0.0,64.46709179036183,-1.0,0.0
2021-01-12,1088.55,1152.78,1001.49,1049.98,201765.86901013,-0.03577791246533324,1108.8533492495458,901.651927894409,1.0,0.0,1.0,0.06735545633296977,0.07397780426924536,1.0,0.0,-1.0,1145.5649999999994,242.17786796180707,1387.7428679618065,903.3871320381922,0.0,0.0,0.0,60.77461371620384,0.0,0.0
2021-01-13,1050.1,1136.7,985.01,1129.9,144114.80841455,0.07611573553781992,1119.376674624773,916.9929312138596,1.0,0.0,1.0,0.09013947057080429,0.07301197582342442,0.0,-1.0,1.0,1160.5689999999993,234.72302892591952,1395.2920289259189,925.8459710740798,0.0,0.0,0.0,65.18041267738501,0.0,1.0
2021-01-14,1130.11,1246.12,1087.24,1231.08,175493.14858902,0.08954774758828199,1175.2283373123864,938.0981728417672,1.0,0.0,1.0,0.07889163327189865,0.0726411545079588,0.0,-1.0,-1.0,1179.4249999999993,229.85482431766673,1409.279824317666,949.5701756823325,0.0,0.0,0.0,69.80447718290598,0.0,1.0
2021-01-15,1231.08,1257.8,1065.0,1168.24,204856.76269959,-0.05104461123566295,1171.734168656193,953.5591380210606,1.0,0.0,1.0,0.08403599121068919,0.07283248857591948,0.0,-1.0,-1.0,1185.9079999999992,218.50381579891095,1404.41181579891,967.4041842010882,0.0,0.0,0.0,64.11001964512147,0.0,0.0
2021-01-16,1169.93,1292.01,1152.02,1228.89,152040.54384135,0.051915702252961715,1200.3120843280967,972.0519680620519,1.0,0.0,1.0,0.06731398908334202,0.07079577926092712,1.0,0.0,-1.0,1187.6119999999992,209.93127828624046,1397.5432782862397,977.6807217137587,0.0,0.0,0.0,66.91529596853576,0.0,1.0
2021-01-17,1227.71,1268.41,1166.0,1233.24,114011.46880161,0.0035397798012839488,1216.7760421640482,989.5913954888548,1.0,0.0,1.0,0.049561522065366556,0.06854953006474321,1.0,0.0,1.0,1188.317999999999,201.55540006018512,1389.8734000601842,986.762599939814,0.0,0.0,0.0,67.11384085893276,0.0,1.0
2021-01-18,1233.24,1260.12,1184.21,1258.27,77758.58108443,0.020296130517985178,1237.5230210820241,1007.6304875677135,1.0,0.0,1.0,0.035205549933520396,0.06620798628835287,1.0,0.0,1.0,1192.4119999999991,190.7005211650766,1383.1125211650758,1001.7114788349226,0.0,0.0,0.0,68.29292269349494,0.0,1.0
2021-01-19,1258.4,1439.55,1252.02,1367.94,257676.3505199,0.08715935371581618,1302.731510541012,1031.8174973101977,1.0,0.0,1.0,0.049360158855730564,0.06611091769322194,1.0,0.0,1.0,1201.162999999999,183.74196625187594,1384.904966251875,1017.4210337481231,0.0,0.0,0.0,72.88086822278281,0.0,1.0
2021-01-20,1367.65,1407.52,1234.71,1378.0,203364.41168835,0.00735412371887656,1340.365755270506,1055.0524326711263,1.0,0.0,1.0,0.044471515579072016,0.06402407949489686,1.0,0.0,1.0,1213.4479999999992,169.59901421867892,1383.0470142186782,1043.8489857813202,0.0,0.0,0.0,73.26304891587748,-1.0,1.0
2021-01-21,1377.99,1389.59,1081.56,1111.76,257626.05933581,-0.19320754716981137,1226.062877635253,1058.8579348988883,1.0,0.0,1.0,0.14017084612448164,0.08305466717187934,0.0,-1.0,1.0,1215.729999999999,138.9185462174083,1354.6485462174073,1076.811453782591,0.0,0.0,0.0,52.26896702529894,-1.0,0.0
2021-01-22,1111.59,1275.0,1040.46,1234.03,218367.13022356,0.10997877239692011,1230.0464388176265,1070.6116405213234,1.0,0.0,1.0,0.15361715702272138,0.08417291254668186,0.0,-1.0,-1.0,1234.1349999999993,104.39386501433845,1338.5288650143377,1129.741134985661,0.0,0.0,0.0,58.1938928642258,0.0,1.0
2021-01-23,1234.0,1273.17,1198.12,1233.89,85833.91171202,-0.0001134494299165345,1231.9682194088132,1081.56586601681,1.0,0.0,1.0,0.10897441813758729,0.08141076169248644,0.0,-1.0,-1.0,1244.5339999999992,92.24699722826716,1336.7809972282664,1152.287002771732,0.0,0.0,0.0,58.18498679980064,0.0,0.0
2021-01-24,1234.27,1400.0,1222.13,1392.01,151154.77789149,0.12814756582839637,1311.9891097044065,1102.3907894584247,1.0,0.0,1.0,0.10695680411069972,0.08370347408687319,0.0,-1.0,-1.0,1260.6269999999993,93.43107244887936,1354.0580724488786,1167.19592755112,0.0,-1.0,0.0,64.74713830161605,0.0,1.0
2021-01-25,1393.35,1475.0,1291.32,1318.69,231751.21601991,-0.05267203540204446,1315.3395548522033,1116.898716338482,1.0,0.0,1.0,0.10555985652940948,0.08311301404312549,0.0,-1.0,-1.0,1275.6719999999993,91.67332166592169,1367.3453216659211,1183.9986783340776,0.0,0.0,-1.0,60.041828145938716,0.0,0.0
2021-01-26,1318.3,1379.07,1246.0,1367.15,187548.73712274,0.03674859140510667,1341.2447774261018,1133.6821388564313,1.0,0.0,1.0,0.0767673155475579,0.08041951969954109,1.0,0.0,-1.0,1289.4979999999994,96.4379761679434,1385.9359761679427,1193.060023832056,0.0,0.0,0.0,62.00707041758824,0.0,1.0
2021-01-27,1367.61,1374.56,1206.0,1240.68,174723.72309114,-0.09250630874446841,1290.962388713051,1140.857375017743,1.0,0.0,1.0,0.08872580838899082,0.08271963422067449,0.0,-1.0,1.0,1290.2419999999995,96.39454128462921,1386.6365412846287,1193.8474587153703,0.0,0.0,0.0,54.47679549948043,0.0,0.0
2021-01-28,1240.31,1362.76,1220.0,1332.12,136652.52906709,0.0737015185221006,1311.5411943565255,1153.6821866643465,1.0,0.0,1.0,0.09156218510693269,0.08144100612618964,0.0,-1.0,-1.0,1297.6269999999993,98.4150368525289,1396.042036852528,1199.2119631474704,0.0,0.0,0.0,58.40954820918133,0.0,1.0
2021-01-29,1332.3,1440.0,1288.95,1379.38,172062.46289631,0.03547728432873942,1345.4605971782628,1168.8146876866952,1.0,0.0,1.0,0.06550242122276412,0.07882103681022322,1.0,0.0,-1.0,1298.7709999999993,102.68350849499896,1401.4545084949982,1196.0874915050003,0.0,0.0,0.0,60.31765771653791,0.0,1.0
2021-01-30,1379.38,1402.57,1327.92,1377.99,67237.19948721,-0.0010076991111949152,1361.7252985891314,1182.8382639042222,1.0,0.0,1.0,0.04946847868113616,0.0762733864525533,1.0,0.0,1.0,1298.7699999999993,106.60865403304402,1405.3786540330434,1192.1613459669552,0.0,0.0,0.0,60.23013329522116,0.0,0.0
2021-01-31,1378.99,1381.0,1282.67,1313.7,70188.67177848,-0.046654910412992856,1337.7126492945658,1191.6108647686415,1.0,0.0,1.0,0.050656214788187486,0.0753770456076195,1.0,0.0,1.0,1318.9639999999995,99.68056692307539,1418.6445669230748,1219.2834330769242,0.0,0.0,0.0,56.1703293717133,0.0,0.0
2021-02-01,1313.02,1377.75,1271.03,1374.05,79490.44313367,0.045938951054274035,1355.8813246472828,1203.840210602238,1.0,0.0,1.0,0.05249952279253994,0.07332410977397062,1.0,0.0,1.0,1332.9659999999992,88.16078084207672,1421.126780842076,1244.8052191579225,0.0,0.0,0.0,58.966407533450194,0.0,1.0
2021-02-02,1374.89,1549.0,1362.34,1513.12,220413.01387191,0.10121174629744178,1434.5006623236413,1224.5706417202405,1.0,0.0,1.0,0.064739350136679,0.07421640445117639,1.0,0.0,1.0,1360.8889999999992,94.43040964675059,1455.3194096467498,1266.4585903532486,0.0,-1.0,0.0,64.57475404107899,0.0,1.0
2021-02-03,1513.58,1670.98,1509.31,1667.78,142434.44313603,0.10221264671671793,1551.1403311618205,1254.276300745054,1.0,0.0,1.0,0.053214160215067564,0.0746843204309408,1.0,0.0,1.0,1388.4659999999992,123.12457030756119,1511.5905703075605,1265.341429692438,0.0,-1.0,-1.0,69.55785594767683,0.0,1.0
2021-02-04,1669.1,1698.0,1557.41,1598.23,169746.63486751,-0.04170214296849706,1574.6851655809103,1277.328136100909,1.0,0.0,1.0,0.08351986722326243,0.07413330641023265,0.0,-1.0,1.0,1416.4199999999992,131.64143938025677,1548.061439380256,1284.7785606197424,0.0,-1.0,-1.0,65.12160789801628,0.0,0.0
2021-02-05,1598.22,1763.98,1593.07,1722.0,136821.06089927,0.07744192012413742,1648.3425827904553,1307.1285357299432,1.0,0.0,1.0,0.06899829806173442,0.07303648091901772,1.0,0.0,-1.0,1451.9049999999993,152.99086846761236,1604.8958684676118,1298.9141315323868,0.0,-1.0,-1.0,68.92041924345588,0.0,1.0
2021-02-06,1722.0,1744.58,1648.5,1678.92,103793.42131763,-0.025017421602787415,1663.6312913952277,1332.043502495072,1.0,0.0,1.0,0.06630790321147056,0.07167280342803606,1.0,0.0,1.0,1495.7289999999991,163.97839355344667,1659.7073935534459,1331.7506064465524,0.0,-1.0,-1.0,66.21704570528964,0.0,0.0
2021-02-07,1678.69,1694.0,1487.27,1615.99,139689.27563387,-0.0374824291806638,1639.8106456976138,1351.0708091184588,1.0,0.0,1.0,0.05570893369014802,0.0708316284570015,1.0,0.0,1.0,1524.1159999999993,167.9714760645879,1692.0874760645872,1356.1445239354114,0.0,0.0,-1.0,62.368554095148035,0.0,0.0
2021-02-08,1615.46,1777.17,1566.32,1752.18,137478.30143469,0.08427651161207694,1695.995322848807,1377.9480488099675,1.0,0.0,1.0,0.07137424634731297,0.07050025370171166,0.0,-1.0,1.0,1561.3959999999993,184.01090903802594,1745.4069090380253,1377.3850909619732,0.0,-1.0,0.0,66.85780777084362,0.0,1.0
2021-02-09,1752.18,1823.99,1709.16,1771.14,101087.51290273,0.01082080608156688,1733.5676614244035,1404.293714497245,1.0,0.0,1.0,0.0527149874752037,0.06815565422395482,1.0,0.0,-1.0,1600.710999999999,198.5764032325849,1799.287403232584,1402.1345967674142,0.0,0.0,-1.0,67.44015678280053,0.0,1.0
2021-02-10,1772.02,1838.71,1681.0,1743.48,120445.89591542,-0.015617060198516275,1738.5238307122017,1427.0198985722495,1.0,0.0,1.0,0.04422588544879545,0.06649486463160197,1.0,0.0,1.0,1643.6889999999992,192.12355372944853,1835.8125537294477,1451.5654462705506,0.0,0.0,0.0,65.62843021297473,0.0,0.0
2021-02-11,1742.55,1818.0,1706.3,1786.31,70469.15110982,0.02456581090692178,1762.4169153561008,1451.092235906267,1.0,0.0,1.0,0.03375522072463428,0.06424583067640384,1.0,0.0,1.0,1684.9149999999995,194.3851919981526,1879.300191998152,1490.529808001847,0.0,0.0,0.0,67.10217359815789,0.0,1.0
2021-02-12,1786.31,1867.58,1739.87,1845.31,92310.16638678,0.03302898153176104,1803.8634576780505,1477.5038529215885,1.0,0.0,1.0,0.02651002558613039,0.06215740720865906,1.0,0.0,1.0,1718.1339999999996,196.9138733257733,1915.0478733257728,1521.2201266742263,0.0,0.0,0.0,69.06959217780823,0.0,1.0
2021-02-13,1844.09,1873.28,1761.77,1818.01,62021.82774418,-0.014794262210685472,1810.9367288390254,1500.3162278912225,1.0,0.0,1.0,0.03007449664133646,0.060689520631661074,1.0,0.0,1.0,1733.1569999999997,203.0630338557095,1936.2200338557093,1530.09396614429,0.0,0.0,0.0,67.07084143824453,0.0,0.0
2021-02-14,1818.01,1851.88,1786.0,1804.34,45768.08000658,-0.007519210565398504,1807.6383644195125,1520.6838683723654,1.0,0.0,1.0,0.022485187843027207,0.058971393423157235,1.0,0.0,1.0,1753.7679999999996,201.61816857353955,1955.3861685735392,1552.14983142646,0.0,0.0,0.0,66.04028627428148,0.0,0.0
2021-02-15,1804.33,1835.23,1666.26,1778.99,155254.72754084,-0.014049458527771841,1793.3141822097564,1537.9882607307761,1.0,0.0,1.0,0.01764447538609801,0.0574729338259084,1.0,0.0,1.0,1759.4669999999999,199.20411305202254,1958.6711130520225,1560.2628869479772,0.0,0.0,0.0,64.07414622570161,0.0,0.0
2021-02-16,1779.55,1825.16,1725.0,1781.69,81863.38641757,0.0015177151080107976,1787.5020911048782,1554.3138738621044,1.0,0.0,1.0,0.013720023874413526,0.0556051075185016,1.0,0.0,1.0,1769.7439999999995,183.11295499528745,1952.856954995287,1586.631045004712,0.0,0.0,0.0,64.19641133633343,0.0,1.0
2021-02-17,1782.0,1856.96,1733.5,1850.95,72397.67230213,0.03887320465400834,1819.2260455524392,1574.185109260455,1.0,0.0,1.0,0.027497487508233193,0.054107378542118986,1.0,0.0,1.0,1793.2399999999993,174.84795718747333,1968.0879571874727,1618.392042812526,0.0,0.0,0.0,67.2732306263518,0.0,1.0
2021-02-18,1851.31,1949.73,1851.31,1939.57,88629.36770882,0.04787811664280506,1879.3980227762195,1598.6611991671996,1.0,0.0,1.0,0.026755228944412388,0.052933762109907356,1.0,0.0,1.0,1811.9789999999994,172.6064363584666,1984.585436358466,1639.3725636415327,0.0,0.0,0.0,70.73827854169616,0.0,1.0
2021-02-19,1939.37,1975.67,1891.57,1957.68,88873.30183439,0.009337121114473934,1918.5390113881099,1622.7103586819264,1.0,0.0,1.0,0.023782887705032816,0.051168108112222534,1.0,0.0,1.0,1830.6329999999994,166.6081787529334,1997.2411787529327,1664.024821247066,0.0,0.0,0.0,71.40458481630519,-1.0,1.0
2021-02-20,1957.73,2038.84,1810.0,1916.01,144509.03261137,-0.02128539904376614,1917.2745056940548,1642.3568990257145,1.0,0.0,1.0,0.030929754625273528,0.05035453793277098,1.0,0.0,1.0,1847.8859999999993,142.86953525489048,1990.7555352548898,1705.0164647451088,0.0,0.0,0.0,67.59084018274778,-1.0,0.0
2021-02-21,1915.01,1975.0,1886.04,1935.44,60937.58066845,0.010140865653102127,1926.3572528470274,1661.9885904224855,1.0,0.0,1.0,0.022750385236827268,0.048648884757615564,1.0,0.0,1.0,1862.798999999999,119.17341261681614,1981.9724126168153,1743.6255873831828,0.0,0.0,0.0,68.43735181297316,0.0,1.0
2021-02-22,1935.44,1937.67,700.0,1778.82,232472.07104812,-0.08092216756913162,1852.5886264235137,1669.814223027123,1.0,0.0,1.0,0.05503540476163603,0.05280858642935001,0.0,-1.0,1.0,1856.149999999999,102.1749703926452,1958.3249703926442,1753.9750296073537,0.0,0.0,0.0,55.788076456069376,0.0,0.0
2021-02-23,1778.93,1782.81,1358.0,1579.16,311472.08242014,-0.11224294757198583,1715.874313211757,1663.7420903550455,1.0,0.0,1.0,0.05986921525721555,0.059406666360845885,0.0,-1.0,-1.0,1832.264999999999,109.29711244320286,1941.5621124432018,1722.967887556796,1.0,0.0,0.0,44.49707538696027,0.0,0.0
2021-02-24,1579.0,1716.0,1498.44,1625.01,157749.78248227,0.029034423364320272,1670.4421566058786,1661.1478036755152,1.0,0.0,1.0,0.07653965515162518,0.05787532840696655,0.0,-1.0,-1.0,1814.331999999999,107.05921248985743,1921.3912124898563,1707.2727875101416,1.0,0.0,1.0,47.142704470597465,0.0,1.0
2021-02-25,1625.55,1671.9,1458.76,1481.68,103915.86599256,-0.08820253413825141,1576.0610783029392,1649.1271576399552,0.0,-1.0,1.0,0.06724525989342596,0.0603733953900198,0.0,-1.0,-1.0,1784.6009999999987,126.17063506054019,1910.771635060539,1658.4303649394585,1.0,0.0,1.0,40.62378110258329,0.0,0.0
2021-02-26,1480.82,1563.16,1401.0,1445.33,137274.39231725,-0.024532962583013962,1510.6955391514696,1635.477115205021,0.0,-1.0,-1.0,0.05121800917130613,0.05853651868735552,1.0,0.0,-1.0,1750.964999999999,144.6954380568881,1895.6604380568872,1606.2695619431108,1.0,0.0,1.0,39.14537470032888,0.0,0.0
2021-02-27,1445.23,1526.98,1426.52,1460.13,89749.06168123,0.010239876014474403,1485.4127695757347,1623.732751760255,0.0,-1.0,-1.0,0.04754975112581265,0.056691779247308324,1.0,0.0,1.0,1711.8829999999991,156.58823822453652,1868.4712382245357,1555.2947617754626,1.0,0.0,1.0,40.10118933114183,0.0,1.0
2021-02-28,1460.0,1469.27,1295.0,1422.7,173849.72607465,-0.025634703759254363,1454.0563847878675,1610.2681662305786,0.0,-1.0,-1.0,0.03425728735266426,0.05501498463981031,1.0,0.0,1.0,1660.1959999999992,173.09234845429208,1833.2883484542913,1487.1036515457072,1.0,0.0,1.0,38.456104980047094,0.0,0.0
2021-03-01,1422.47,1573.83,1414.0,1570.99,104778.76964392,0.10423139101708023,1512.5231923939336,1607.6374560568413,0.0,-1.0,-1.0,0.08000044979759648,0.06011671034243793,0.0,-1.0,1.0,1621.5269999999994,176.70727599472156,1798.234275994721,1444.8197240052777,0.0,0.0,1.0,47.62346708612428,0.0,1.0
2021-03-02,1571.0,1616.17,1455.8,1489.22,127169.20496276,-0.05204998122203197,1500.871596196967,1599.7063556353714,0.0,-1.0,-1.0,0.0807185527911622,0.05962552789228326,0.0,-1.0,-1.0,1578.8479999999995,184.3696599397981,1763.2176599397976,1394.4783400602014,0.0,0.0,0.0,43.75324004799822,0.0,0.0
2021-03-03,1488.56,1656.3,1478.04,1566.41,99872.15212302,0.051832502920992285,1533.6407980984836,1597.47632608534,0.0,-1.0,-1.0,0.06686186716575362,0.059224525483940575,0.0,-1.0,-1.0,1541.9449999999995,186.3371501112431,1728.2821501112426,1355.6078498887564,0.0,0.0,0.0,48.04553937237201,0.0,1.0
2021-03-04,1567.9,1624.68,1505.69,1537.52,90708.82904413,-0.01844344711793211,1535.5803990492418,1593.4607729350098,0.0,-1.0,-1.0,0.053775226631422604,0.05742527515700991,1.0,0.0,-1.0,1517.8149999999994,186.62054275355797,1704.4355427535575,1331.1944572464413,0.0,0.0,0.0,46.611834152414474,0.0,0.0
2021-03-05,1539.76,1549.42,1442.86,1528.76,109879.00345673,-0.005697486861959478,1532.1701995246208,1589.1274952358976,0.0,-1.0,-1.0,0.0383529406324977,0.055487237788581806,1.0,0.0,1.0,1512.7749999999992,187.13915286984465,1699.9141528698437,1325.6358471301546,0.0,0.0,0.0,46.16202027665971,0.0,0.0
2021-03-06,1529.07,1671.1,1513.53,1650.56,72729.44595398,0.079672414244224,1591.3650997623104,1593.2418542488797,0.0,-1.0,-1.0,0.056683678593428995,0.05734436730185929,1.0,0.0,1.0,1515.3299999999995,184.57967941130443,1699.9096794113038,1330.750320588695,0.0,0.0,0.0,52.95934313921339,0.0,1.0
2021-03-07,1651.08,1734.78,1631.19,1727.49,64850.56020209,0.04660842380767738,1659.4275498811553,1602.232882739568,1.0,0.0,-1.0,0.040349104291255225,0.05639817408406976,1.0,0.0,1.0,1539.9109999999994,183.2577654676917,1723.1687654676912,1356.6532345323076,0.0,-1.0,0.0,56.67961422701544,0.0,1.0
2021-03-08,1726.83,1842.92,1650.0,1833.68,94445.58476891,0.06147068868705463,1746.5537749405776,1617.733541766373,1.0,0.0,1.0,0.030732246573950944,0.0561688355549884,1.0,0.0,1.0,1578.7459999999994,185.39734326362796,1764.1433432636275,1393.3486567363714,0.0,-1.0,-1.0,61.23676873743907,0.0,1.0
2021-03-09,1834.19,1872.34,1796.34,1872.34,72160.27179686,0.021083286069543128,1809.4468874702889,1634.785147884173,1.0,0.0,1.0,0.028879966360572294,0.05431247766484354,1.0,0.0,1.0,1619.9669999999992,186.58525652535505,1806.5522565253543,1433.381743474644,0.0,-1.0,-1.0,62.772204562059244,0.0,1.0
2021-03-10,1872.33,1879.37,1758.12,1795.79,82155.32353417,-0.040884668382879186,1802.6184437351444,1645.5679714331268,1.0,0.0,1.0,0.05166534613336877,0.05415695024104436,1.0,0.0,1.0,1657.2759999999992,178.0622006757039,1835.338200675703,1479.2137993242952,0.0,0.0,-1.0,57.88307734372403,0.0,0.0
2021-03-11,1795.44,1847.73,1724.65,1826.87,71185.38407176,0.017307146158515252,1814.7442218675722,1657.7100772095373,1.0,0.0,1.0,0.038424026703298426,0.05236095605346161,1.0,0.0,1.0,1682.863999999999,168.65766680890022,1851.5216668088992,1514.2063331910986,0.0,0.0,0.0,59.270143993678914,0.0,1.0
2021-03-12,1826.92,1840.64,1722.02,1767.06,60538.00794603,-0.03273905641890229,1790.902110933786,1665.0333934755329,1.0,0.0,1.0,0.036715029500024386,0.05168035328431123,1.0,0.0,1.0,1710.6479999999988,159.43142738461472,1870.0794273846136,1551.216572615384,0.0,0.0,0.0,55.483275151321706,0.0,0.0
2021-03-13,1767.77,1942.71,1727.7,1920.17,85219.27581306,0.08664674657340443,1855.536055466893,1682.1201716581031,1.0,0.0,1.0,0.06607548391234966,0.053951625572197535,0.0,-1.0,1.0,1746.0239999999988,157.9961693897768,1904.0201693897757,1588.0278306102218,0.0,-1.0,0.0,62.1501575560024,0.0,1.0
2021-03-14,1920.98,1930.85,1838.25,1847.8,56996.94311728,-0.037689371253586956,1851.6680277334465,1693.2158860015365,1.0,0.0,1.0,0.06539793490463025,0.05360111834968436,0.0,-1.0,-1.0,1777.0519999999985,161.8015736139433,1938.8535736139418,1615.2504263860553,0.0,0.0,-1.0,57.747899649154355,0.0,0.0
2021-03-15,1847.8,1890.99,1735.72,1793.23,72686.99002779,-0.029532416928238936,1822.4490138667234,1699.9138879130144,1.0,0.0,1.0,0.049581252913798175,0.0526621046235014,1.0,0.0,-1.0,1803.4989999999987,164.11152908921713,1967.6105290892158,1639.3874709107815,0.0,0.0,0.0,54.606948232269914,0.0,0.0
2021-03-16,1794.11,1818.0,1712.03,1805.14,49192.41490951,0.00664164663763156,1813.7945069333618,1706.960915214779,1.0,0.0,1.0,0.03746528618092021,0.05086862660688285,1.0,0.0,1.0,1818.9569999999985,167.1131713374941,1986.0701713374926,1651.8438286625044,0.0,0.0,0.0,55.179929015735866,0.0,1.0
2021-03-17,1805.69,1839.54,1743.01,1823.76,47484.9695159,0.010314989419103249,1818.777253466681,1714.7829623306855,1.0,0.0,1.0,0.027932470796844678,0.04914905320147133,1.0,0.0,1.0,1828.5839999999982,164.61925937319705,1993.2032593731954,1663.9647406268011,0.0,0.0,0.0,56.11263083096974,0.0,1.0
2021-03-18,1824.4,1849.0,1759.79,1776.57,44571.04879466,-0.02587511514672991,1797.6736267333404,1718.92083398901,1.0,0.0,1.0,0.026544860288238305,0.04816771005661771,1.0,0.0,1.0,1822.8729999999982,155.74040240683564,1978.6134024068338,1667.1325975931627,0.0,0.0,0.0,53.09688780385429,0.0,0.0
2021-03-19,1776.57,1839.98,1731.4,1810.38,39611.81086877,0.01903105422246254,1804.0268133666702,1725.045827375676,1.0,0.0,1.0,0.02644740312703503,0.04668416707967245,1.0,0.0,1.0,1816.6769999999983,146.6811266731554,1963.3581266731537,1669.995873326843,0.0,0.0,0.0,54.96442512249433,0.0,1.0
2021-03-20,1810.38,1868.48,1801.38,1805.0,33257.71400199,-0.0029717517869177756,1804.5134066833352,1730.400320307053,1.0,0.0,1.0,0.019157790054585365,0.045139314602014494,1.0,0.0,1.0,1817.5979999999981,130.102135954799,1947.7001359547971,1687.4958640451991,0.0,0.0,0.0,54.59193232188635,0.0,0.0
2021-03-21,1804.11,1816.48,1747.95,1784.29,33175.76844371,-0.011473684210526303,1794.4017033416676,1734.0092774568973,1.0,0.0,1.0,0.015381360025553797,0.04378956731806826,1.0,0.0,1.0,1813.3399999999983,124.35528582082857,1937.695285820827,1688.9847141791697,0.0,0.0,0.0,53.10011995836575,0.0,0.0
2021-03-22,1784.42,1807.97,1657.26,1681.63,62468.51722298,-0.05753549030706884,1738.0158516708339,1730.5014792073246,1.0,0.0,1.0,0.033655496850293905,0.045048408055682485,1.0,0.0,1.0,1804.7969999999982,109.87266830650148,1914.6696683064997,1694.9243316934967,1.0,0.0,0.0,46.340092281380166,0.0,0.0
2021-03-23,1681.21,1713.0,1652.0,1681.3,16738.32089852,-0.0001962381736768659,1709.6579258354168,1727.2065027781455,0.0,-1.0,1.0,0.03057011101791626,0.043514021668421346,1.0,0.0,1.0,1780.9099999999985,102.07015178427133,1882.9801517842698,1678.8398482157272,0.0,0.0,1.0,46.319678856505504,0.0,0.0
